{"cameraMode":{"drawMode":0,"name":"Shaded","section":"Shading Mode"},"sceneLighting":false,"audioPlay":false,"sceneViewState":{"showFog":true,"showMaterialUpdate":false,"showSkybox":true,"showFlares":true,"showImageEffects":true,"showParticleSystems":true},"in2DMode":false,"pivot":{"x":-0.47099998593330386,"y":-0.4125918447971344,"z":0.7517390847206116},"rotation":{"x":0.05846645310521126,"y":-0.0026991781778633596,"z":0.00015825509035494179,"w":0.998285710811615},"size":0.6203662157058716,"orthographic":true}