{"cameraMode":{"drawMode":0,"name":"Shaded","section":"Shading Mode"},"sceneLighting":false,"audioPlay":false,"sceneViewState":{"showFog":true,"showMaterialUpdate":false,"showSkybox":true,"showFlares":true,"showImageEffects":true,"showParticleSystems":true},"in2DMode":false,"pivot":{"x":2.7239999771118166,"y":0.7465206384658814,"z":-0.38100001215934756},"rotation":{"x":0.4406583905220032,"y":0.04305985942482948,"z":-0.021167857572436334,"w":0.8963916897773743},"size":0.7888425588607788,"orthographic":true}