{"cameraMode":{"drawMode":0,"name":"Shaded","section":"Shading Mode"},"sceneLighting":false,"audioPlay":false,"sceneViewState":{"showFog":true,"showMaterialUpdate":false,"showSkybox":true,"showFlares":true,"showImageEffects":true,"showParticleSystems":true},"in2DMode":false,"pivot":{"x":-0.8827517032623291,"y":-0.17218017578125,"z":-0.8496277332305908},"rotation":{"x":-0.31030067801475527,"y":0.5351493954658508,"z":-0.22016967833042146,"w":-0.7542241215705872},"size":0.5123199224472046,"orthographic":false}