{"cameraMode":{"drawMode":0,"name":"Shaded","section":"Shading Mode"},"sceneLighting":true,"audioPlay":false,"sceneViewState":{"showFog":true,"showMaterialUpdate":false,"showSkybox":true,"showFlares":true,"showImageEffects":true,"showParticleSystems":true},"in2DMode":false,"pivot":{"x":0.2778017520904541,"y":0.013605445623397828,"z":0.5906258225440979},"rotation":{"x":0.1167280375957489,"y":-0.009527824819087983,"z":0.0011198266874998808,"w":0.9931175708770752},"size":1.167250156402588,"orthographic":false}