{"cameraMode":{"drawMode":0,"name":"Shaded","section":"Shading Mode"},"sceneLighting":false,"audioPlay":false,"sceneViewState":{"showFog":true,"showMaterialUpdate":false,"showSkybox":true,"showFlares":true,"showImageEffects":true,"showParticleSystems":true},"in2DMode":false,"pivot":{"x":5.018284320831299,"y":-2.0807583332061769,"z":5.0608415603637699},"rotation":{"x":-0.020998360589146615,"y":-0.0029993343632668258,"z":-0.00006299527012743056,"w":0.9997749924659729},"size":0.675517737865448,"orthographic":true}