{"cameraMode":{"drawMode":0,"name":"Shaded","section":"Shading Mode"},"sceneLighting":false,"audioPlay":false,"sceneViewState":{"showFog":true,"showMaterialUpdate":false,"showSkybox":true,"showFlares":true,"showImageEffects":true,"showParticleSystems":true},"in2DMode":false,"pivot":{"x":-0.073822021484375,"y":-0.275970458984375,"z":0.11800000071525574},"rotation":{"x":-0.0736883357167244,"y":-0.03828894719481468,"z":0.0028310702182352545,"w":-0.9965420365333557},"size":0.6445254683494568,"orthographic":false}