{"cameraMode":{"drawMode":0,"name":"Shaded","section":"Shading Mode"},"sceneLighting":false,"audioPlay":false,"sceneViewState":{"showFog":true,"showMaterialUpdate":false,"showSkybox":true,"showFlares":true,"showImageEffects":true,"showParticleSystems":true},"in2DMode":false,"pivot":{"x":-0.7723944187164307,"y":-0.127687007188797,"z":0.734139084815979},"rotation":{"x":0.22493574023246766,"y":0.09569705277681351,"z":-0.022205272689461709,"w":0.9694085717201233},"size":0.09958014637231827,"orthographic":true}