{"cameraMode":{"drawMode":0,"name":"Shaded","section":"Shading Mode"},"sceneLighting":false,"audioPlay":false,"sceneViewState":{"showFog":true,"showMaterialUpdate":false,"showSkybox":true,"showFlares":true,"showImageEffects":true,"showParticleSystems":true},"in2DMode":false,"pivot":{"x":0.044900134205818179,"y":-0.13584066927433015,"z":0.08275935053825379},"rotation":{"x":0.010499382391571999,"y":0.008999382145702839,"z":-0.00009449703065911308,"w":0.9999043941497803},"size":0.7027876377105713,"orthographic":true}