{"cameraMode":{"drawMode":0,"name":"Shaded","section":"Shading Mode"},"sceneLighting":false,"audioPlay":false,"sceneViewState":{"showFog":true,"showMaterialUpdate":false,"showSkybox":true,"showFlares":true,"showImageEffects":true,"showParticleSystems":true},"in2DMode":false,"pivot":{"x":-0.14499998092651368,"y":-0.3062349557876587,"z":0.7379390597343445},"rotation":{"x":0.0029973124619573356,"y":-0.04198742285370827,"z":0.00012594288273248821,"w":0.9991136789321899},"size":0.6390876173973084,"orthographic":true}