{"cameraMode":{"drawMode":0,"name":"Shaded","section":"Shading Mode"},"sceneLighting":false,"audioPlay":false,"sceneViewState":{"showFog":true,"showMaterialUpdate":false,"showSkybox":true,"showFlares":true,"showImageEffects":true,"showParticleSystems":true},"in2DMode":false,"pivot":{"x":0.0,"y":-0.16300001740455628,"z":-0.024000000208616258},"rotation":{"x":0.002938108518719673,"y":-0.19866794347763062,"z":0.0006034236866980791,"w":0.9800623059272766},"size":0.6993799209594727,"orthographic":true}